chapter_number,title,page_start,page_end,sections_count
1,I N T R O D U C T I O N 1,13,22,0
2,C H A P T E R 1 11,23,46,0
3,C H A P T E R 2 35,47,72,0
4,C H A P T E R 3 61,73,127,0
5,C H A P T E R 4 116,128,138,0
6,C H A P T E R 5 127,139,158,0
7,C H A P T E R 6 147,159,220,0
8,C H A P T E R 7 209,221,271,0
9,C H A P T E R 8 260,272,333,0
10,C H A P T E R 9 322,334,361,0
11,C H A P T E R 1 0 C H A P T E R 1 0 350,362,380,0
12,C H A P T E R 1 1 369,381,393,0
13,C H A P T E R 1 2 382,394,420,0
14,A F T E R W O R D 409,421,422,0
15,A P P E N D I X I 411,423,451,0
