term,frequency,rank
the,11682,1
and,6270,2
you,3875,3
your,2309,4
for,2211,5
with,2121,6
that,1990,7
are,1843,8
can,1578,9
recording,1097,10
this,1008,11
sound,957,12
they,858,13
have,852,14
from,826,15
when,816,16
their,780,17
mix,777,18
studio,772,19
will,749,20
audio,673,21
one,621,22
all,588,23
its,584,24
some,573,25
use,571,26
work,568,27
them,522,28
signal,516,29
not,502,30
what,499,31
song,494,32
track,471,33
more,466,34
like,458,35
but,443,36
also,443,37
time,436,38
other,424,39
such,423,40
out,419,41
how,417,42
these,413,43
music,407,44
home,401,45
any,388,46
mixing,387,47
make,354,48
want,353,49
way,348,50
need,343,51
room,341,52
well,335,53
drum,330,54
get,329,55
while,317,56
into,316,57
just,316,58
mic,315,59
most,313,60
because,309,61
daw,302,62
was,300,63
using,298,64
great,295,65
mastering,293,66
microphone,289,67
where,288,68
guide,280,69
youre,279,70
instruments,279,71
two,278,72
youll,277,73
there,276,74
tools,276,75
even,276,76
microphones,273,77
compression,273,78
frequency,272,79
session,271,80
only,271,81
level,262,82
warren,261,83
dont,260,84
then,259,85
different,259,86
might,257,87
guitar,256,88
best,256,89
tracks,255,90
than,255,91
high,254,92
artist,252,93
right,251,94
record,251,95
low,251,96
may,247,97
about,247,98
between,246,99
vocal,244,100
com,244,101
complete,242,102
stereo,242,103
end,242,104
used,241,105
which,241,106
through,240,107
sounds,239,108
bass,237,109
many,234,110
another,234,111
huart,233,112
hardware,233,113
same,233,114
gear,232,115
set,231,116
jerry,229,117
working,227,118
good,226,119
each,226,120
hammack,224,121
approach,223,122
control,221,123
instrument,220,124
mics,220,125
take,217,126
pro,217,127
drums,216,128
phase,215,129
reverb,215,130
digital,208,131
based,205,132
help,205,133
around,205,134
plugins,203,135
those,203,136
compressor,199,137
dynamic,198,138
back,197,139
own,196,140
artists,194,141
part,193,142
has,192,143
create,191,144
live,190,145
were,190,146
comes,188,147
every,182,148
producer,181,149
range,181,150
www,181,151
engineer,179,152
vocals,178,153
songs,177,154
frequencies,177,155
kick,174,156
software,173,157
much,173,158
issues,172,159
very,172,160
though,172,161
console,171,162
performance,171,163
off,171,164
engineers,169,165
should,169,166
channel,168,167
theres,165,168
output,165,169
studios,163,170
example,162,171
come,162,172
acoustic,161,173
volume,160,174
would,159,175
recorded,159,176
both,158,177
things,157,178
isnt,157,179
available,156,180
too,154,181
effects,153,182
add,153,183
down,150,184
single,150,185
always,150,186
gain,150,187
noise,150,188
new,149,189
hear,148,190
before,146,191
bus,146,192
input,146,193
first,145,194
tape,145,195
multiple,145,196
bit,144,197
making,143,198
understand,143,199
guitars,141,200
over,141,201
together,141,202
band,140,203
place,140,204
give,139,205
signals,138,206
who,137,207
youve,136,208
analogue,135,209
something,135,210
include,134,211
start,132,212
could,132,213
quality,131,214
waves,131,215
know,131,216
provide,131,217
getting,130,218
midi,130,219
doesnt,130,220
top,129,221
processing,129,222
techniques,128,223
better,128,224
number,128,225
dynamics,125,226
being,125,227
either,125,228
means,124,229
headphones,124,230
without,122,231
release,122,232
lot,122,233
snare,122,234
master,121,235
compressors,121,236
after,121,237
large,121,238
little,120,239
important,120,240
space,120,241
options,119,242
three,118,243
everything,118,244
close,115,245
delay,113,246
allow,113,247
type,112,248
plugin,112,249
often,112,250
production,111,251
sometimes,110,252
mixes,110,253
whether,110,254
overall,108,255
keep,107,256
left,107,257
original,107,258
capture,106,259
process,106,260
point,106,261
find,105,262
simply,105,263
producers,104,264
key,104,265
tone,104,266
front,104,267
typically,103,268
depending,102,269
khz,102,270
power,101,271
miking,101,272
recordings,101,273
creating,100,274
virtual,100,275
really,100,276
technique,99,277
thing,99,278
attack,99,279
basic,98,280
types,98,281
common,98,282
performances,98,283
traditional,98,284
going,98,285
mixers,97,286
once,97,287
musicians,96,288
placement,96,289
reference,96,290
section,96,291
source,96,292
consoles,95,293
classic,95,294
effect,95,295
outboard,95,296
having,95,297
response,94,298
listening,94,299
amplifier,94,300
hard,94,301
chain,93,302
made,93,303
bring,93,304
information,92,305
mono,92,306
times,92,307
see,92,308
four,92,309
speakers,92,310
monitor,91,311
world,91,312
sample,90,313
his,90,314
commonly,90,315
speaker,90,316
change,89,317
think,89,318
piano,89,319
allows,88,320
eqs,88,321
threshold,88,322
full,87,323
parts,87,324
consider,87,325
play,87,326
stage,87,327
especially,87,328
monitors,86,329
modern,86,330
data,86,331
small,86,332
others,86,333
numerous,86,334
pass,86,335
choose,86,336
does,85,337
content,85,338
diaphragm,85,339
condenser,85,340
needs,84,341
entire,84,342
feel,84,343
backing,83,344
side,83,345
never,83,346
above,83,347
system,82,348
ears,82,349
channels,82,350
few,82,351
thats,82,352
interface,82,353
loudness,81,354
had,81,355
services,81,356
try,81,357
manufacturers,80,358
why,80,359
external,80,360
monitoring,79,361
cables,79,362
understanding,78,363
arent,78,364
apply,78,365
within,78,366
character,77,367
long,77,368
done,77,369
attention,77,370
units,77,371
inputs,77,372
placed,77,373
tones,76,374
however,76,375
ability,76,376
access,76,377
including,75,378
rooms,75,379
file,75,380
specific,75,381
move,75,382
possible,75,383
result,75,384
yourself,75,385
individual,74,386
put,74,387
unique,74,388
workflow,73,389
application,73,390
ready,73,391
still,73,392
listen,73,393
professional,73,394
difference,73,395
noted,73,396
changes,73,397
distortion,72,398
reverbs,72,399
job,72,400
mind,72,401
ways,72,402
open,72,403
impact,72,404
computer,71,405
problem,71,406
samples,71,407
daws,70,408
clients,70,409
core,70,410
pitch,70,411
client,70,412
fader,70,413
send,70,414
cant,69,415
real,69,416
routing,69,417
simple,69,418
setting,69,419
loud,69,420
elements,68,421
controls,68,422
saturation,68,423
lead,68,424
people,68,425
mixer,68,426
echo,67,427
tips,67,428
next,67,429
cut,67,430
easy,67,431
avoid,67,432
across,67,433
vintage,67,434
quickly,67,435
standard,67,436
sections,67,437
headphone,66,438
strings,66,439
built,66,440
idea,66,441
learn,66,442
focus,66,443
look,66,444
away,66,445
patch,65,446
makes,65,447
percussion,65,448
our,65,449
sure,65,450
kit,65,451
delays,65,452
adding,65,453
pair,65,454
kind,64,455
levels,64,456
selection,64,457
automation,64,458
rock,64,459
note,64,460
step,63,461
known,63,462
fig,63,463
popular,63,464
systems,62,465
life,62,466
starting,62,467
case,62,468
mean,62,469
editing,62,470
instead,62,471
line,62,472
position,62,473
filter,62,474
pop,61,475
decisions,61,476
results,61,477
been,61,478
necessary,61,479
certain,61,480
takes,61,481
free,61,482
models,61,483
adjust,61,484
pan,61,485
already,61,486
preproduction,60,487
orchestral,60,488
again,60,489
easily,60,490
balance,60,491
below,60,492
matter,59,493
setup,59,494
electric,59,495
taking,59,496
produce,59,497
ask,59,498
able,59,499
less,59,500
additional,59,501
centre,59,502
filtering,59,503
commercial,58,504
location,58,505
designed,58,506
mid,58,507
book,57,508
references,57,509
day,57,510
tricks,57,511
now,57,512
project,57,513
primary,57,514
check,57,515
settings,57,516
applied,57,517
works,57,518
natural,57,519
peak,57,520
cabinet,56,521
got,56,522
anything,56,523
choices,56,524
created,56,525
drummer,56,526
panning,56,527
box,55,528
creative,55,529
latency,55,530
majority,55,531
problems,55,532
tool,55,533
early,54,534
direct,54,535
solo,54,536
doing,54,537
eight,54,538
looking,54,539
genre,54,540
value,54,541
version,54,542
useful,54,543
pieces,53,544
perfect,53,545
sense,53,546
love,53,547
limited,53,548
pressure,53,549
amp,53,550
includes,52,551
devices,52,552
filters,52,553
tracking,52,554
complex,52,555
fast,52,556
along,52,557
environment,52,558
playing,52,559
forward,52,560
amount,52,561
allowing,52,562
moving,52,563
files,51,564
bottom,51,565
piece,51,566
short,51,567
head,51,568
genres,51,569
true,51,570
energy,51,571
main,51,572
critical,51,573
sounding,51,574
choice,51,575
group,51,576
usb,51,577
hybrid,50,578
completely,50,579
sources,50,580
tempo,50,581
approaches,50,582
share,50,583
experience,50,584
big,50,585
found,50,586
versions,50,587
balanced,50,588
second,49,589
ever,49,590
under,49,591
machine,49,592
offer,49,593
care,48,594
applications,48,595
context,48,596
sessions,48,597
final,48,598
aspect,48,599
field,48,600
edit,48,601
during,48,602
reflections,47,603
orchestra,47,604
uses,47,605
save,47,606
relation,47,607
bands,47,608
ssl,47,609
option,47,610
finished,47,611
instance,47,612
past,46,613
keyboards,46,614
applying,46,615
limiters,46,616
earlier,46,617
major,46,618
trying,46,619
called,46,620
run,46,621
combination,46,622
enough,46,623
beatles,46,624
huge,46,625
reason,46,626
name,46,627
window,46,628
outputs,46,629
beat,45,630
solutions,45,631
rather,45,632
alone,45,633
played,45,634
least,45,635
wont,45,636
must,45,637
whole,45,638
moves,45,639
form,44,640
creativity,44,641
functionality,44,642
notes,44,643
depth,44,644
until,44,645
online,44,646
beyond,44,647
issue,44,648
essential,44,649
aspects,44,650
universal,44,651
ideal,43,652
initial,43,653
knowledge,43,654
nothing,43,655
solid,43,656
style,43,657
unit,43,658
else,43,659
quiet,43,660
role,42,661
inserts,42,662
hearing,42,663
pianos,42,664
distance,42,665
album,42,666
technical,42,667
almost,42,668
likely,42,669
heard,42,670
cost,42,671
rate,42,672
examples,42,673
stand,42,674
keeping,42,675
days,41,676
behind,41,677
ideas,41,678
particular,41,679
certainly,41,680
someone,41,681
hit,41,682
via,41,683
actually,41,684
introduce,41,685
parallel,41,686
pay,41,687
far,41,688
tube,41,689
gives,41,690
course,41,691
floor,41,692
clipping,41,693
ribbon,41,694
chamber,40,695
summing,40,696
distribution,40,697
amplifiers,40,698
player,40,699
material,40,700
required,40,701
previously,40,702
ratio,40,703
chorus,40,704
recall,39,705
limiter,39,706
limiting,39,707
brass,39,708
relationships,39,709
series,39,710
become,39,711
today,39,712
support,39,713
wide,39,714
pretty,39,715
ensure,39,716
air,39,717
active,39,718
occur,39,719
resolution,39,720
requirements,38,721
engineering,38,722
headroom,38,723
playback,38,724
musical,38,725
technology,38,726
tell,38,727
goal,38,728
build,38,729
itself,38,730
preamps,38,731
cases,38,732
surround,38,733
fixed,38,734
tom,38,735
toms,38,736
john,37,737
machines,37,738
features,37,739
spot,37,740
image,37,741
static,37,742
string,37,743
industry,37,744
last,37,745
directly,37,746
handful,37,747
associated,37,748
ones,37,749
turn,37,750
lastly,37,751
device,37,752
transients,37,753
boost,37,754
bay,37,755
width,37,756
solution,37,757
whats,37,758
perform,37,759
pattern,37,760
spaced,37,761
adjustments,37,762
meter,37,763
feed,36,764
leave,36,765
multiband,36,766
later,36,767
intent,36,768
serve,36,769
needed,36,770
against,36,771
third,36,772
kinds,36,773
state,36,774
cable,36,775
higher,36,776
tune,36,777
choosing,35,778
expander,35,779
loops,35,780
worked,35,781
degree,35,782
bringing,35,783
hours,35,784
couple,35,785
show,35,786
deliver,35,787
transient,35,788
pre,35,789
achieve,35,790
sends,35,791
typical,35,792
benefit,35,793
variations,35,794
relative,35,795
rack,35,796
ear,35,797
apple,34,798
learning,34,799
multi,34,800
coming,34,801
relationship,34,802
streaming,34,803
product,34,804
reach,34,805
budget,34,806
cover,34,807
goes,34,808
special,34,809
capturing,34,810
trick,34,811
points,34,812
lose,34,813
mixed,34,814
situations,34,815
sent,34,816
reduction,34,817
products,34,818
increase,34,819
placements,34,820
pairs,34,821
interfaces,33,822
vision,33,823
equalisation,33,824
general,33,825
royalties,33,826
producing,33,827
giving,33,828
say,33,829
lets,33,830
highly,33,831
wonderful,33,832
format,33,833
feet,33,834
didnt,33,835
improve,33,836
require,33,837
middle,33,838
cause,33,839
ambient,33,840
louder,33,841
correct,33,842
potential,33,843
connection,33,844
vocalist,33,845
shure,33,846
tuning,33,847
masters,33,848
cymbals,33,849
feedback,32,850
art,32,851
advice,32,852
wrong,32,853
money,32,854
let,32,855
positive,32,856
did,32,857
connections,32,858
drive,32,859
fully,32,860
model,32,861
steps,32,862
harmonic,32,863
follow,32,864
verse,32,865
service,32,866
musician,32,867
identify,32,868
overheads,32,869
body,32,870
june,32,871
desktop,31,872
rest,31,873
themselves,31,874
market,31,875
encounter,31,876
challenges,31,877
configurations,31,878
preamp,31,879
neumann,31,880
timing,31,881
vary,31,882
sidechain,31,883
meters,31,884
midrange,31,885
equipment,30,886
windows,30,887
spring,30,888
added,30,889
double,30,890
here,30,891
everyone,30,892
whatever,30,893
yes,30,894
business,30,895
due,30,896
design,30,897
given,30,898
exactly,30,899
routed,30,900
questions,30,901
easier,30,902
answer,30,903
detail,30,904
subtle,30,905
keys,30,906
blog,30,907
patterns,29,908
woodwinds,29,909
formats,29,910
interesting,29,911
order,29,912
entirely,29,913
expert,29,914
communicate,29,915
light,29,916
blend,29,917
reverse,29,918
perhaps,29,919
amplitude,29,920
anywhere,29,921
quite,29,922
produced,29,923
slow,29,924
unless,29,925
further,29,926
putting,29,927
hits,29,928
addition,29,929
clean,29,930
groups,29,931
parameters,29,932
employ,29,933
expansion,29,934
gate,29,935
capsule,29,936
html,29,937
soundonsound,29,938
stages,28,939
trust,28,940
orchestras,28,941
replacement,28,942
opportunity,28,943
skills,28,944
requires,28,945
path,28,946
lower,28,947
records,28,948
deal,28,949
element,28,950
difficult,28,951
road,28,952
feature,28,953
per,28,954
characteristics,28,955
plug,28,956
determine,28,957
condensers,28,958
groove,28,959
listener,28,960
trigger,28,961
arrangement,28,962
started,27,963
mobile,27,964
controllers,27,965
professionals,27,966
click,27,967
building,27,968
plate,27,969
correction,27,970
neve,27,971
purpose,27,972
cutting,27,973
present,27,974
nature,27,975
strip,27,976
auxiliary,27,977
insert,27,978
collection,27,979
keyboard,27,980
unwanted,27,981
manufacturer,27,982
izotope,27,983
involves,27,984
stock,26,985
stands,26,986
colour,26,987
processors,26,988
match,26,989
house,26,990
endless,26,991
complicated,26,992
word,26,993
audience,26,994
maybe,26,995
providing,26,996
computers,26,997
expensive,26,998
size,26,999
price,26,1000
